hash,nonce,block_hash,block_number,transaction_index,from_address,to_address,value,gas,gas_price,input,block_timestamp
0x8364f898fa074e03349415e14ae427ee6f184fc5d132c30ea1456578dfbfe51f,4,0x23c35b3de79f597e21d90f8ace41f5ad8044f56dfd69af333c782964a9581213,6988615,0,only_send,only_receive,20,74918,20000000000,0xa9059cbb0000000000000000000000003f5ce5fbfe3e9af3971dd833d26ba9b5c936f0be00000000000000000000000000000000000000000000032d26d12e980b600000,1546300801
0x2f034810b15c094156ee9a6a6a3f261dd37e3bc9a21cdb8d6b253df275ba837b,81,0x23c35b3de79f597e21d90f8ace41f5ad8044f56dfd69af333c782964a9581213,6988615,1,only_send,both,0,7162560,15100000000,0x70cd19cc00000000000000000000000000000000000000000f9ccd8a1c50800000010018000000000000000000000000000000000000000000000000000000005c2aad8000000000000000000000000000000000000000000000041ee4daeccbbe8dd8a0,1546300801
0x377dcd60b1199940e6ac3a2bb3f10ce99b3db0feac35b605b91042325e9f77c8,47,0x23c35b3de79f597e21d90f8ace41f5ad8044f56dfd69af333c782964a9581213,6988615,2,only_send,only_receive,25,1000000,10000000000,0x29675f290000000000000000000000000000000000000000000000000000000000000000000000000000000000000000000000000000000000000000000000000000000a0000000000000000000000000000000000000000000000000000000000000001000000000000000000000000000000000000000000000000000000000000000c,1546300801
0x12bb2ec6fd3de0724949aa55d11ff5271628ced56f1d6e2c6428b35100a7e470,8395,0x23c35b3de79f597e21d90f8ace41f5ad8044f56dfd69af333c782964a9581213,6988615,3,both,both_a,0,250000,10000000000,0xdc6dd1520000000000000000000000000000000000000000000000000000000000000007,1546300801
0xeffa7c615203c5cd04fafde4815fb3f562b39afda80d286c8a1c3ebfeaf3e288,0,0x23c35b3de79f597e21d90f8ace41f5ad8044f56dfd69af333c782964a9581213,6988615,4,both,only_receive,0,21000,3000000000,0x,1546300801
0x41a5d9e2aba1351d4b23ccea15846c24c28dd6daeb60a4586fb13ecde05029c1,309,0x23c35b3de79f597e21d90f8ace41f5ad8044f56dfd69af333c782964a9581213,6988615,5,both_a,both,15,27991,3000000000,0x14d7d30e7573640000000000000000000000000000000000000000000000000000000000000000000000000000000000000000000000000000000002c7395e7ca1e3c360,1546300801
0xd692fb1e9bd76738847e4ea88777c6e1e949b869d54db8354c7f1757b97149cd,6720,0x23c35b3de79f597e21d90f8ace41f5ad8044f56dfd69af333c782964a9581213,6988615,6,both_a,only_receive,15,30000,3000000000,0x,1546300801
0xa9826ef76bdec4213005f5af3fb27127296664073f71aba6c6e3b218dc7fc18f,37,0x23c35b3de79f597e21d90f8ace41f5ad8044f56dfd69af333c782964a9581213,6988615,7,only_send,both_a,0,60000,3000000000,0xa9059cbb00000000000000000000000092cace836fa29f8b5ac5ef02c7ad241614d78ee20000000000000000000000000000000000000000000000000de0b6b3a7640000,1546300801
0x5473f352e43bb395ecad48c0e5364f036591963211b70f24f27104e66757ba26,5,0x23c35b3de79f597e21d90f8ace41f5ad8044f56dfd69af333c782964a9581213,6988615,8,both,both_a,0,21000,2400000000,0x,1546300801
0xfd9e2c4fa9e870758d31f6163f6c2e625d3bc04d19920d3f66391360b2fe77e6,99,0xf656490fa79bb867adc6a00aee6090000b8574102365b05df6751d5c1d5798ef,6988616,0,only_send_two,only_receive,0,200000,80000000000,0xa9059cbb000000000000000000000000b9ee1e551f538a464e8f8c41e9904498505b49b0000000000000000000000000000000000000000000002a1906180f28efa40000,1546300808